[
{
  "model": "simpleApp.project",
  "pk": 1,
  "fields": {
    "name": "الإستراحة الأولى",
    "project_details": "مساحة الأرض:  1200 متر مربع\r\nبمسبح بمساحة 8*4 متر مربع\r\nمع حديقة خلفية و أمامية و منطقة شواء.",
    "budget": "100000.00",
    "status": "active",
    "created_at": "2026-06-24T18:34:12.420Z"
  }
},
{
  "model": "simpleApp.project",
  "pk": 2,
  "fields": {
    "name": "حوض سباحة للإستراحة الأولى",
    "project_details": "بمساحة 4*8,مبني و مسقوف",
    "budget": "45000.00",
    "status": "planning",
    "created_at": "2026-06-25T07:53:54.147Z"
  }
},
{
  "model": "simpleApp.category",
  "pk": 1,
  "fields": {
    "name": "مواد بناء",
    "date": "2026-06-24T18:32:17.280Z"
  }
},
{
  "model": "simpleApp.category",
  "pk": 2,
  "fields": {
    "name": "مواد صحية",
    "date": "2026-06-24T18:32:27.049Z"
  }
},
{
  "model": "simpleApp.category",
  "pk": 3,
  "fields": {
    "name": "مستلزمات حدائق",
    "date": "2026-06-24T18:32:38.465Z"
  }
},
{
  "model": "simpleApp.category",
  "pk": 8,
  "fields": {
    "name": "مواد تنظيف",
    "date": "2026-07-02T14:43:24.386Z"
  }
},
{
  "model": "simpleApp.category",
  "pk": 9,
  "fields": {
    "name": "إعاشة",
    "date": "2026-07-02T14:49:27.068Z"
  }
},
{
  "model": "simpleApp.category",
  "pk": 10,
  "fields": {
    "name": "ديكور",
    "date": "2026-07-02T14:53:01.838Z"
  }
},
{
  "model": "simpleApp.expense",
  "pk": 5,
  "fields": {
    "name": "مثقاب كهربائي",
    "value": "285.00",
    "category": 1,
    "project": 1,
    "date": "2026-07-02T14:37:32.143Z"
  }
},
{
  "model": "simpleApp.expense",
  "pk": 6,
  "fields": {
    "name": "دسكة قطع",
    "value": "10.00",
    "category": 1,
    "project": 1,
    "date": "2026-07-02T14:37:57.474Z"
  }
},
{
  "model": "simpleApp.expense",
  "pk": 7,
  "fields": {
    "name": "مواد صقف جس بورد -اوميقا-سي-زاوية",
    "value": "1036.00",
    "category": 1,
    "project": 1,
    "date": "2026-07-02T14:38:55.090Z"
  }
},
{
  "model": "simpleApp.expense",
  "pk": 8,
  "fields": {
    "name": "كتشافيتي",
    "value": "8.00",
    "category": 1,
    "project": 1,
    "date": "2026-07-02T14:39:24.915Z"
  }
},
{
  "model": "simpleApp.expense",
  "pk": 9,
  "fields": {
    "name": "مقص صاج",
    "value": "33.00",
    "category": 1,
    "project": 1,
    "date": "2026-07-02T14:39:50.054Z"
  }
},
{
  "model": "simpleApp.expense",
  "pk": 10,
  "fields": {
    "name": "كتر",
    "value": "15.00",
    "category": 1,
    "project": 1,
    "date": "2026-07-02T14:40:14.919Z"
  }
},
{
  "model": "simpleApp.expense",
  "pk": 11,
  "fields": {
    "name": "ميزان ماء",
    "value": "30.00",
    "category": 1,
    "project": 1,
    "date": "2026-07-02T14:40:33.982Z"
  }
},
{
  "model": "simpleApp.expense",
  "pk": 12,
  "fields": {
    "name": "سراق جبس",
    "value": "15.00",
    "category": 1,
    "project": 1,
    "date": "2026-07-02T14:40:53.296Z"
  }
},
{
  "model": "simpleApp.expense",
  "pk": 13,
  "fields": {
    "name": "طوبو ميزان 15متر",
    "value": "30.00",
    "category": 1,
    "project": 1,
    "date": "2026-07-02T14:41:27.953Z"
  }
},
{
  "model": "simpleApp.expense",
  "pk": 14,
  "fields": {
    "name": "تل مجلفن-سلاح سراق(2)",
    "value": "30.00",
    "category": 1,
    "project": 1,
    "date": "2026-07-02T14:42:00.119Z"
  }
},
{
  "model": "simpleApp.expense",
  "pk": 15,
  "fields": {
    "name": "تل رخام",
    "value": "15.00",
    "category": 1,
    "project": 1,
    "date": "2026-07-02T14:42:16.735Z"
  }
},
{
  "model": "simpleApp.expense",
  "pk": 16,
  "fields": {
    "name": "سياقة-عصا-سائل يدين-قفازات-ليفة",
    "value": "39.00",
    "category": 8,
    "project": 1,
    "date": "2026-07-02T14:43:53.837Z"
  }
},
{
  "model": "simpleApp.expense",
  "pk": 17,
  "fields": {
    "name": "سي-زاوية",
    "value": "87.00",
    "category": 1,
    "project": 1,
    "date": "2026-07-02T14:44:19.742Z"
  }
},
{
  "model": "simpleApp.expense",
  "pk": 18,
  "fields": {
    "name": "قفازات",
    "value": "5.00",
    "category": 1,
    "project": 1,
    "date": "2026-07-02T14:44:35.254Z"
  }
},
{
  "model": "simpleApp.expense",
  "pk": 19,
  "fields": {
    "name": "مسامير Tek Screw",
    "value": "5.00",
    "category": 1,
    "project": 1,
    "date": "2026-07-02T14:44:59.235Z"
  }
},
{
  "model": "simpleApp.expense",
  "pk": 20,
  "fields": {
    "name": "مسامير Self drill",
    "value": "27.00",
    "category": 1,
    "project": 1,
    "date": "2026-07-02T14:45:40.901Z"
  }
},
{
  "model": "simpleApp.expense",
  "pk": 21,
  "fields": {
    "name": "فرشة مرحاض",
    "value": "12.00",
    "category": 8,
    "project": 1,
    "date": "2026-07-02T14:46:01.804Z"
  }
},
{
  "model": "simpleApp.expense",
  "pk": 22,
  "fields": {
    "name": "سي(14)-زاوية(8)",
    "value": "106.00",
    "category": 1,
    "project": 1,
    "date": "2026-07-02T14:46:44.036Z"
  }
},
{
  "model": "simpleApp.expense",
  "pk": 23,
  "fields": {
    "name": "ماسورة-وصلة 32-كوربة عادية-وصله سن أنثى-بطارية ضغط",
    "value": "109.00",
    "category": 2,
    "project": 1,
    "date": "2026-07-02T14:48:01.165Z"
  }
},
{
  "model": "simpleApp.expense",
  "pk": 24,
  "fields": {
    "name": "لصقة بنتكول",
    "value": "14.00",
    "category": 1,
    "project": 1,
    "date": "2026-07-02T14:48:18.851Z"
  }
},
{
  "model": "simpleApp.expense",
  "pk": 25,
  "fields": {
    "name": "اسمنت-زمالطو-سنفرة-فرشة-سطل",
    "value": "139.00",
    "category": 1,
    "project": 1,
    "date": "2026-07-02T14:49:00.397Z"
  }
},
{
  "model": "simpleApp.expense",
  "pk": 26,
  "fields": {
    "name": "جبنة شيدر",
    "value": "13.00",
    "category": 9,
    "project": 1,
    "date": "2026-07-02T14:49:54.797Z"
  }
},
{
  "model": "simpleApp.expense",
  "pk": 27,
  "fields": {
    "name": "قهوة-نسكافي",
    "value": "16.00",
    "category": 9,
    "project": 1,
    "date": "2026-07-02T14:50:19.423Z"
  }
},
{
  "model": "simpleApp.expense",
  "pk": 28,
  "fields": {
    "name": "سبع بهارات",
    "value": "12.00",
    "category": 9,
    "project": 1,
    "date": "2026-07-02T14:50:40.716Z"
  }
},
{
  "model": "simpleApp.expense",
  "pk": 29,
  "fields": {
    "name": "سيليكون(2)",
    "value": "36.00",
    "category": 1,
    "project": 1,
    "date": "2026-07-02T14:51:05.580Z"
  }
},
{
  "model": "simpleApp.expense",
  "pk": 30,
  "fields": {
    "name": "سيليكون-سباتولا-مسدس سيليكون",
    "value": "35.00",
    "category": 1,
    "project": 1,
    "date": "2026-07-02T14:51:41.885Z"
  }
},
{
  "model": "simpleApp.expense",
  "pk": 31,
  "fields": {
    "name": "سيليكون(2)",
    "value": "26.00",
    "category": 1,
    "project": 1,
    "date": "2026-07-02T14:52:05.466Z"
  }
},
{
  "model": "simpleApp.expense",
  "pk": 32,
  "fields": {
    "name": "بديل رخام رول لاصق1.2*4متر(7)",
    "value": "700.00",
    "category": 10,
    "project": 1,
    "date": "2026-07-02T14:53:23.171Z"
  }
},
{
  "model": "simpleApp.expense",
  "pk": 33,
  "fields": {
    "name": "بومبة 0.5 حصان-طلاء المدينة 4كيلو-ديلونتي إيطالي-رولة ديكور-فرشة100-برايمر 3كيلو",
    "value": "385.00",
    "category": 1,
    "project": 1,
    "date": "2026-07-02T14:55:04.668Z"
  }
},
{
  "model": "simpleApp.expense",
  "pk": 34,
  "fields": {
    "name": "سبوت 50وات(3)-سرب",
    "value": "240.00",
    "category": 10,
    "project": 1,
    "date": "2026-07-02T14:55:35.952Z"
  }
},
{
  "model": "simpleApp.expense",
  "pk": 35,
  "fields": {
    "name": "اوتوماتك-كوربة",
    "value": "130.00",
    "category": 2,
    "project": 1,
    "date": "2026-07-02T14:56:03.972Z"
  }
},
{
  "model": "simpleApp.expense",
  "pk": 36,
  "fields": {
    "name": "سكة ألمونيوم فضي 2سم(5)-سكة ألمونيوم أسود 2سم",
    "value": "82.00",
    "category": 10,
    "project": 1,
    "date": "2026-07-04T19:25:28.142Z"
  }
},
{
  "model": "simpleApp.contribution",
  "pk": 1,
  "fields": {
    "name": "المهندسة إسراء",
    "amount": "1610.00",
    "project": 1,
    "date": "2026-06-24T18:34:33.332Z"
  }
},
{
  "model": "simpleApp.contribution",
  "pk": 2,
  "fields": {
    "name": "المهندس عصام",
    "amount": "1610.00",
    "project": 1,
    "date": "2026-06-24T18:34:46.269Z"
  }
},
{
  "model": "simpleApp.contribution",
  "pk": 7,
  "fields": {
    "name": "المهندسة إسراء",
    "amount": "50.00",
    "project": 2,
    "date": "2026-07-02T15:08:01.102Z"
  }
},
{
  "model": "simpleApp.contribution",
  "pk": 8,
  "fields": {
    "name": "المهندسة إسراء",
    "amount": "78.00",
    "project": 2,
    "date": "2026-07-02T15:08:12.292Z"
  }
},
{
  "model": "simpleApp.contribution",
  "pk": 9,
  "fields": {
    "name": "المهندسة إسراء",
    "amount": "80.00",
    "project": 2,
    "date": "2026-07-02T15:08:30.178Z"
  }
},
{
  "model": "simpleApp.contribution",
  "pk": 10,
  "fields": {
    "name": "المهندسة إسراء",
    "amount": "96.00",
    "project": 2,
    "date": "2026-07-02T15:08:44.318Z"
  }
},
{
  "model": "simpleApp.contribution",
  "pk": 11,
  "fields": {
    "name": "المهندسة إسراء",
    "amount": "120.00",
    "project": 2,
    "date": "2026-07-02T15:08:57.108Z"
  }
},
{
  "model": "simpleApp.contribution",
  "pk": 12,
  "fields": {
    "name": "المهندسة إسراء",
    "amount": "144.00",
    "project": 2,
    "date": "2026-07-02T15:09:12.598Z"
  }
},
{
  "model": "simpleApp.contribution",
  "pk": 13,
  "fields": {
    "name": "المهندسة إسراء",
    "amount": "168.00",
    "project": 2,
    "date": "2026-07-02T15:09:27.808Z"
  }
},
{
  "model": "simpleApp.contribution",
  "pk": 14,
  "fields": {
    "name": "المهندسة إسراء",
    "amount": "292.00",
    "project": 2,
    "date": "2026-07-02T15:09:44.742Z"
  }
},
{
  "model": "simpleApp.contribution",
  "pk": 15,
  "fields": {
    "name": "المهندسة إسراء",
    "amount": "296.00",
    "project": 2,
    "date": "2026-07-02T15:10:00.461Z"
  }
},
{
  "model": "simpleApp.contribution",
  "pk": 16,
  "fields": {
    "name": "المهندسة إسراء",
    "amount": "290.00",
    "project": 2,
    "date": "2026-07-02T15:10:16.926Z"
  }
},
{
  "model": "simpleApp.contribution",
  "pk": 17,
  "fields": {
    "name": "المهندسة إسراء",
    "amount": "360.00",
    "project": 2,
    "date": "2026-07-02T15:10:30.682Z"
  }
},
{
  "model": "simpleApp.contribution",
  "pk": 18,
  "fields": {
    "name": "المهندسة إسراء",
    "amount": "384.00",
    "project": 2,
    "date": "2026-07-02T15:10:43.511Z"
  }
},
{
  "model": "simpleApp.contribution",
  "pk": 19,
  "fields": {
    "name": "المهندس عصام",
    "amount": "142.00",
    "project": 2,
    "date": "2026-07-02T15:13:53.737Z"
  }
}
]
